{"RuleTriggered": 12, "Violations": 12, "Details": {"algo-1": {"cpu": {"p25": 21.91875, "p50": 23.6725, "p75": 28.7675, "p95": 49.14850000000001, "upper": 39.040625, "lower": 11.645625}, "gpu0": {"p25": 0.0, "p50": 15.0, "p75": 19.0, "p95": 19.0, "upper": 22.0, "lower": 0.0}, "gpu0_memory": {"p25": 0.0, "p50": 11.0, "p75": 13.0, "p95": 13.0, "upper": 14.0, "lower": 0.0}}, "last_timestamp": 1645437480000000}, "Datapoints": 2383, "RuleParameters": "cpu_threshold_p95:70\ngpu_threshold_p95:70\ngpu_memory_threshold_p95:70\npatience:1000\nwindow:500"}