{"RuleTriggered": 0, "Violations": 112, "Details": {"low_gpu_utilization": 1046, "bottlenecks": {"1645437496.038157": {"GPUs": 1, "CPUs": 1}, "1645437500.037949": {"GPUs": 1, "CPUs": 2}, "1645437500.537958": {"GPUs": 1, "CPUs": 5}, "1645437501.037873": {"GPUs": 1, "CPUs": 2}, "1645437501.537957": {"GPUs": 1, "CPUs": 3}, "1645437502.037972": {"GPUs": 1, "CPUs": 2}, "1645437502.53792": {"GPUs": 1, "CPUs": 3}, "1645437503.037961": {"GPUs": 1, "CPUs": 3}, "1645437503.537991": {"GPUs": 1, "CPUs": 5}, "1645437504.037949": {"GPUs": 1, "CPUs": 5}, "1645437504.537983": {"GPUs": 1, "CPUs": 6}, "1645437505.037973": {"GPUs": 1, "CPUs": 6}, "1645437505.537946": {"GPUs": 1, "CPUs": 4}, "1645437506.037994": {"GPUs": 1, "CPUs": 5}, "1645437506.537986": {"GPUs": 1, "CPUs": 6}, "1645437507.037889": {"GPUs": 1, "CPUs": 3}, "1645437507.537967": {"GPUs": 1, "CPUs": 1}, "1645437508.037897": {"GPUs": 1, "CPUs": 2}, "1645437514.53799": {"GPUs": 1, "CPUs": 1}, "1645437515.538035": {"GPUs": 1, "CPUs": 1}, "1645437516.038035": {"GPUs": 1, "CPUs": 1}, "1645437516.537972": {"GPUs": 1, "CPUs": 2}, "1645437517.037941": {"GPUs": 1, "CPUs": 2}, "1645437517.537987": {"GPUs": 1, "CPUs": 2}, "1645437518.037922": {"GPUs": 1, "CPUs": 3}, "1645437518.538059": {"GPUs": 1, "CPUs": 4}, "1645437519.037924": {"GPUs": 1, "CPUs": 3}, "1645437526.038": {"GPUs": 1, "CPUs": 3}, "1645437526.537997": {"GPUs": 1, "CPUs": 3}, "1645437527.037919": {"GPUs": 1, "CPUs": 3}, "1645437527.537987": {"GPUs": 1, "CPUs": 3}, "1645437528.037935": {"GPUs": 1, "CPUs": 2}, "1645437528.537941": {"GPUs": 1, "CPUs": 2}, "1645437529.038009": {"GPUs": 1, "CPUs": 3}, "1645437542.538005": {"GPUs": 1, "CPUs": 1}, "1645437543.037936": {"GPUs": 1, "CPUs": 3}, "1645437545.537956": {"GPUs": 1, "CPUs": 2}, "1645437546.037974": {"GPUs": 1, "CPUs": 1}, "1645437546.537946": {"GPUs": 1, "CPUs": 1}, "1645437547.037966": {"GPUs": 1, "CPUs": 1}, "1645437547.53792": {"GPUs": 1, "CPUs": 3}, "1645437548.037899": {"GPUs": 1, "CPUs": 3}, "1645437548.537914": {"GPUs": 1, "CPUs": 2}, "1645437549.037972": {"GPUs": 1, "CPUs": 2}, "1645437549.537977": {"GPUs": 1, "CPUs": 3}, "1645437550.037951": {"GPUs": 1, "CPUs": 3}, "1645437563.537956": {"GPUs": 1, "CPUs": 1}, "1645437564.037987": {"GPUs": 1, "CPUs": 1}, "1645437564.537948": {"GPUs": 1, "CPUs": 2}, "1645437567.037978": {"GPUs": 1, "CPUs": 2}, "1645437567.537951": {"GPUs": 1, "CPUs": 1}, "1645437568.037903": {"GPUs": 1, "CPUs": 3}, "1645437568.537978": {"GPUs": 1, "CPUs": 2}, "1645437569.037943": {"GPUs": 1, "CPUs": 1}, "1645437569.53797": {"GPUs": 1, "CPUs": 2}, "1645437570.038023": {"GPUs": 1, "CPUs": 3}, "1645437570.537933": {"GPUs": 1, "CPUs": 3}, "1645437571.037976": {"GPUs": 1, "CPUs": 2}, "1645437571.538036": {"GPUs": 1, "CPUs": 3}, "1645437572.037985": {"GPUs": 1, "CPUs": 3}, "1645437572.537977": {"GPUs": 1, "CPUs": 1}, "1645437585.537952": {"GPUs": 1, "CPUs": 2}, "1645437586.037993": {"GPUs": 1, "CPUs": 1}, "1645437586.537996": {"GPUs": 1, "CPUs": 1}, "1645437587.537927": {"GPUs": 1, "CPUs": 2}, "1645437588.03794": {"GPUs": 1, "CPUs": 3}, "1645437588.537969": {"GPUs": 1, "CPUs": 3}, "1645437589.038038": {"GPUs": 1, "CPUs": 3}, "1645437589.537943": {"GPUs": 1, "CPUs": 3}, "1645437590.037967": {"GPUs": 1, "CPUs": 2}, "1645437590.537978": {"GPUs": 1, "CPUs": 2}, "1645437591.037995": {"GPUs": 1, "CPUs": 2}, "1645437591.537977": {"GPUs": 1, "CPUs": 2}, "1645437592.038183": {"GPUs": 1, "CPUs": 3}, "1645437592.537917": {"GPUs": 1, "CPUs": 2}, "1645437593.03795": {"GPUs": 1, "CPUs": 2}, "1645437639.538044": {"GPUs": 1, "CPUs": 1}, "1645437640.037959": {"GPUs": 1, "CPUs": 1}, "1645437654.037961": {"GPUs": 1, "CPUs": 1}, "1645437654.537942": {"GPUs": 1, "CPUs": 1}, "1645437657.538018": {"GPUs": 1, "CPUs": 1}, "1645437668.037935": {"GPUs": 1, "CPUs": 1}, "1645437671.537954": {"GPUs": 1, "CPUs": 2}, "1645437672.037958": {"GPUs": 1, "CPUs": 2}, "1645437672.538016": {"GPUs": 1, "CPUs": 2}, "1645437673.037954": {"GPUs": 1, "CPUs": 1}, "1645437673.538003": {"GPUs": 1, "CPUs": 2}, "1645437674.037952": {"GPUs": 1, "CPUs": 2}, "1645437674.538009": {"GPUs": 1, "CPUs": 2}, "1645437675.037956": {"GPUs": 1, "CPUs": 2}, "1645437675.537956": {"GPUs": 1, "CPUs": 1}, "1645437676.537949": {"GPUs": 1, "CPUs": 2}, "1645437677.038019": {"GPUs": 1, "CPUs": 2}, "1645437677.538002": {"GPUs": 1, "CPUs": 2}, "1645437678.03794": {"GPUs": 1, "CPUs": 2}, "1645437678.537943": {"GPUs": 1, "CPUs": 1}, "1645438036.037964": {"GPUs": 1, "CPUs": 1}, "1645438037.037982": {"GPUs": 1, "CPUs": 1}, "1645438037.537989": {"GPUs": 1, "CPUs": 1}, "1645438038.037934": {"GPUs": 1, "CPUs": 1}, "1645438038.537947": {"GPUs": 1, "CPUs": 1}, "1645438039.037972": {"GPUs": 1, "CPUs": 1}, "1645438422.037927": {"GPUs": 1, "CPUs": 1}, "1645438422.537983": {"GPUs": 1, "CPUs": 1}, "1645438423.037961": {"GPUs": 1, "CPUs": 1}, "1645438428.537958": {"GPUs": 1, "CPUs": 1}, "1645438488.037918": {"GPUs": 1, "CPUs": 1}, "1645438488.537955": {"GPUs": 1, "CPUs": 1}, "1645438489.038027": {"GPUs": 1, "CPUs": 1}, "1645438489.537976": {"GPUs": 1, "CPUs": 1}, "1645438490.037988": {"GPUs": 1, "CPUs": 1}, "1645438490.537949": {"GPUs": 1, "CPUs": 1}}}, "Datapoints": 2392, "RuleParameters": "threshold:50\nio_threshold:50\ngpu_threshold:10\npatience:1000"}